S/N,Throughput,UL Packet Loss,DL Packet Loss
1,0.40947656,0.00000000,0.00000000
2,0.02176563,0.00000000,0.00000000
3,2.41957813,0.00000000,0.00000000
4,3.01292969,0.00080192,0.00408163
5,4.90798438,0.00059952,0.00286533
6,5.68970313,0.00048309,0.00249377
7,6.28964063,0.00038139,0.00219780
8,6.74172656,0.00095481,0.00194553
9,12.13892188,0.00082873,0.00135135
10,15.05362500,0.00074221,0.00112994
11,39.57166406,0.00066667,0.00077220
12,74.17078906,0.00060618,0.00058343
13,101.27193750,0.00055597,0.00046168
14,104.10837500,0.00051238,0.00042845
15,105.39455469,0.00047962,0.00041391
16,107.08243750,0.00044951,0.00039841
17,108.31421094,0.00042129,0.00038580
18,109.50545313,0.00038745,0.00037272
19,109.89139063,0.00035834,0.00036563
20,111.40628906,0.00033003,0.00035211
21,113.42962500,0.00030432,0.00033659
22,113.90587500,0.00028495,0.00033036
23,115.75252344,0.00026702,0.00031706
24,117.60001563,0.00025634,0.00030525
25,119.45043750,0.00024779,0.00029577
26,120.96332031,0.00023990,0.00028877
27,122.99950781,0.00023238,0.00027964
28,124.08200000,0.00022371,0.00027420
29,125.94163281,0.00021160,0.00026567
30,127.11069531,0.00020072,0.00026015
31,128.53603906,0.00019103,0.00025310
32,130.46411719,0.00018464,0.00024588
33,131.14012500,0.00017662,0.00024195
34,133.21334375,0.00017006,0.00023507
35,134.95225781,0.00016633,0.00022994
36,136.77400000,0.00016275,0.00022467
37,137.96932813,0.00015938,0.00022065
38,138.47264844,0.00015619,0.00022002
39,138.96050781,0.00015313,0.00021935
40,139.44788281,0.00015020,0.00021867
41,139.93731250,0.00014736,0.00021796
42,140.42504688,0.00014463,0.00021730
43,140.91108594,0.00014201,0.00021668
44,141.43404688,0.00013945,0.00021538
45,141.93374219,0.00013700,0.00021441
46,142.55089063,0.00013459,0.00021272
47,144.48964844,0.00013225,0.00020756
48,145.01000000,0.00013004,0.00020665
49,145.50112500,0.00012791,0.00020597
50,146.00138281,0.00012585,0.00020530
51,146.49250781,0.00012385,0.00020462
52,147.25119531,0.00012188,0.00020321
53,147.74062500,0.00012000,0.00020259
54,148.22933594,0.00011820,0.00020198
55,148.71974219,0.00011645,0.00020133
56,149.20917188,0.00011474,0.00020072
57,149.90751563,0.00011304,0.00019932
58,150.39525000,0.00011142,0.00019877
59,150.88637500,0.00010986,0.00019814
60,151.37544531,0.00010834,0.00019755
61,151.86657031,0.00010686,0.00019693
62,152.35600000,0.00010541,0.00019635
63,152.84471094,0.00010402,0.00019577
64,153.32659375,0.00010273,0.00039040
65,153.81448438,0.00010142,0.00038918
66,154.30391406,0.00010012,0.00038805
67,154.79503906,0.00009886,0.00038685
68,155.28446875,0.00009762,0.00038573
69,155.77389844,0.00009642,0.00038462
70,156.26189063,0.00009525,0.00038351
71,156.75301563,0.00009411,0.00038234
72,157.24244531,0.00009299,0.00038124
73,157.99460938,0.00009186,0.00037764
74,160.90226563,0.00009072,0.00036476
75,166.72124219,0.00008959,0.00035119
76,174.49686719,0.00008848,0.00033551
77,175.67781250,0.00008745,0.00033146
78,176.58001563,0.00008642,0.00032927
79,186.13525000,0.00008530,0.00030945
80,188.17518750,0.00008436,0.00030609
81,193.80287500,0.00008334,0.00029459
82,198.16639844,0.00008234,0.00028470
83,199.56214063,0.00008144,0.00028015
84,201.16801563,0.00008054,0.00027518
85,202.55204688,0.00007967,0.00027126
86,204.09578125,0.00007882,0.00026720
87,205.79200000,0.00007799,0.00026264
88,207.09204688,0.00007719,0.00025880
89,208.77111719,0.00007638,0.00025474
90,210.52604688,0.00007560,0.00025082
91,211.77733594,0.00007484,0.00024786
92,213.36152344,0.00007409,0.00024456
93,214.98500781,0.00007335,0.00024105
94,217.53058594,0.00007262,0.00023602
95,224.60671094,0.00007188,0.00022875
96,227.59734375,0.00007115,0.00022409
97,229.32345313,0.00007046,0.00022121
98,231.12891406,0.00006979,0.00021834
99,232.47670313,0.00006914,0.00021584
100,234.21163281,0.00006850,0.00021320
101,235.90860156,0.00006788,0.00021075
102,237.53910156,0.00006727,0.00020807
103,239.15383594,0.00006666,0.00020589
104,240.58664063,0.00006607,0.00020365
105,242.36465625,0.00006549,0.00020121
106,244.16145313,0.00006492,0.00019885
107,245.62308594,0.00006435,0.00019668
108,247.14568750,0.00006381,0.00019469
109,249.13863281,0.00006325,0.00019223
110,250.31221875,0.00006272,0.00019057
111,252.18100781,0.00006219,0.00018832
112,254.01699219,0.00006167,0.00018634
113,255.34132813,0.00006116,0.00018450
114,257.29948438,0.00006065,0.00018240
115,258.40450781,0.00006016,0.00018114
116,260.30495313,0.00005968,0.00017913
117,262.15526563,0.00005921,0.00017742
118,263.48316406,0.00005874,0.00017572
119,265.29662500,0.00005828,0.00017393
120,267.26082813,0.00005783,0.00017212
121,268.47680469,0.00005738,0.00017074
122,271.03560938,0.00005692,0.00016842
123,272.89542969,0.00005647,0.00016664
124,274.22947656,0.00005605,0.00016514
125,276.04060156,0.00005563,0.00016344
126,277.70139063,0.00005522,0.00016207
127,279.08847656,0.00005481,0.00016055
128,280.85118750,0.00005441,0.00015911
129,282.02900781,0.00005402,0.00015792
130,283.95574219,0.00005362,0.00015615
131,285.67025000,0.00005323,0.00015475
132,286.95725781,0.00005285,0.00015353
133,288.74974219,0.00005248,0.00015208
134,290.52971094,0.00005210,0.00015074
135,291.88289844,0.00005173,0.00014948
136,293.62931250,0.00005137,0.00014821
137,295.50987500,0.00005102,0.00014684
138,296.96131250,0.00005065,0.00014560
139,297.67028906,0.00005008,0.00014495
140,298.93206250,0.00004944,0.00014386
141,299.90523438,0.00004883,0.00014313
142,300.75788281,0.00004825,0.00014235
143,302.55448438,0.00004782,0.00014108
144,304.15243750,0.00004751,0.00013995
145,305.72192188,0.00004720,0.00013885
146,306.54178906,0.00004674,0.00013803
147,306.88478906,0.00004619,0.00013749
148,308.45436719,0.00004565,0.00013655
149,310.03771875,0.00004512,0.00013554
150,311.43035156,0.00004476,0.00013445
151,312.86534375,0.00004446,0.00013354
152,314.16329688,0.00004413,0.00013248
153,315.58842188,0.00004372,0.00013142
154,316.82307813,0.00004346,0.00013060
155,318.66943750,0.00004321,0.00012954
156,320.70692188,0.00004295,0.00012841
157,321.95191406,0.00004271,0.00012764
158,323.59320313,0.00004246,0.00012680
159,325.34792188,0.00004222,0.00012592
160,326.71161719,0.00004198,0.00012505
161,328.46539844,0.00004174,0.00012412
162,330.49817188,0.00004151,0.00012318
163,332.04065625,0.00004127,0.00012228
164,333.87470313,0.00004104,0.00012134
165,335.43281250,0.00004081,0.00012061
166,336.89771094,0.00004059,0.00011982
167,338.64227344,0.00004036,0.00011896
168,340.00781250,0.00004014,0.00011832
169,341.70389844,0.00003992,0.00011752
170,343.23303906,0.00003970,0.00011678
171,344.48378125,0.00003949,0.00011618
172,346.28069531,0.00003928,0.00011537
173,348.02946875,0.00003907,0.00011457
174,349.74168750,0.00003886,0.00011379
175,351.51176563,0.00003863,0.00011301
176,353.05960156,0.00003843,0.00011235
177,354.43942969,0.00003823,0.00011171
178,356.15273438,0.00003803,0.00011102
179,357.60474219,0.00003783,0.00011033
180,359.68782031,0.00003764,0.00010956
181,361.27934375,0.00003745,0.00010891
182,362.48094531,0.00003727,0.00010835
183,364.12039844,0.00003708,0.00010776
184,365.80613281,0.00003690,0.00010711
185,367.15799219,0.00003672,0.00010648
186,368.86200781,0.00003654,0.00010584
187,370.62153125,0.00003636,0.00010517
188,372.53399219,0.00003618,0.00010448
189,374.57207813,0.00003600,0.00010383
190,376.07212500,0.00003583,0.00010332
191,378.28968750,0.00003566,0.00010261
192,380.35817188,0.00003549,0.00010194
193,382.06953906,0.00003532,0.00010136
194,383.89348438,0.00003515,0.00010072
195,385.61036719,0.00003498,0.00010017
196,387.17089844,0.00003482,0.00009959
197,388.79143750,0.00003466,0.00009906
198,390.54171875,0.00003450,0.00009850
199,392.05903906,0.00003433,0.00009793
200,393.71860156,0.00003418,0.00009739
201,395.27870313,0.00003402,0.00009695
202,396.73684375,0.00003387,0.00009643
203,398.54644531,0.00003371,0.00009596
204,400.23407813,0.00003356,0.00009547
205,402.04542188,0.00003341,0.00009486
206,403.70889063,0.00003326,0.00009436
207,404.87370313,0.00003311,0.00009395
208,406.49684375,0.00003296,0.00009348
209,408.14389063,0.00003282,0.00009304
210,409.56594531,0.00003267,0.00009254
211,411.54625000,0.00003253,0.00009202
212,413.26829688,0.00003239,0.00009155
213,414.51246875,0.00003225,0.00009113
214,416.10324219,0.00003211,0.00009074
215,417.37342969,0.00003197,0.00009035
216,419.16466406,0.00003183,0.00008987
217,420.82128125,0.00003170,0.00008943
218,422.09688281,0.00003156,0.00008905
219,424.25386719,0.00003143,0.00008857
220,426.08735938,0.00003130,0.00008813
221,427.37416406,0.00003117,0.00008772
222,429.22800781,0.00003103,0.00008724
223,430.91296875,0.00003090,0.00008683
224,432.25115625,0.00003078,0.00008644
225,434.07181250,0.00003065,0.00008602
226,435.67119531,0.00003052,0.00008566
227,437.04608594,0.00003040,0.00008523
228,438.65587500,0.00003027,0.00008485
229,440.00249219,0.00003015,0.00008447
230,441.55748438,0.00003002,0.00008412
231,443.05887500,0.00002990,0.00008374
232,444.21762500,0.00002979,0.00008341
233,446.24008594,0.00002966,0.00008298
234,447.96721875,0.00002954,0.00008254
235,449.28257813,0.00002942,0.00008221
236,450.65778125,0.00002922,0.00008188
237,451.30775000,0.00002900,0.00008163
238,452.67926563,0.00002880,0.00008126
239,454.24248438,0.00002866,0.00008090
240,455.72899219,0.00002855,0.00008053
241,457.39069531,0.00002844,0.00008013
242,459.08965625,0.00002833,0.00007975
243,460.26946875,0.00002822,0.00007945
244,461.84595313,0.00002812,0.00007913
245,463.76535938,0.00002801,0.00007873
246,465.17798438,0.00002790,0.00007837
247,466.82171094,0.00002780,0.00007803
248,468.38487500,0.00002769,0.00007772
249,469.49583594,0.00002759,0.00007740
250,471.14275781,0.00002749,0.00007708
251,472.28525000,0.00002739,0.00007680
252,473.93959375,0.00002729,0.00007644
253,475.86785938,0.00002719,0.00007608
254,477.90156250,0.00002709,0.00007574
255,479.09708594,0.00002699,0.00007547
256,480.73300781,0.00002690,0.00007519
257,481.98081250,0.00002680,0.00007491
258,483.82495313,0.00002670,0.00007457
259,485.58081250,0.00002661,0.00007425
260,487.49990625,0.00002651,0.00007394
261,489.41539063,0.00002642,0.00007363
262,491.59435938,0.00002632,0.00007332
263,493.25557031,0.00002623,0.00007299
264,495.28437500,0.00002614,0.00007266
265,497.29951563,0.00002605,0.00007235
266,499.13377344,0.00002595,0.00007204
267,500.94683594,0.00002587,0.00007173
268,502.25234375,0.00002578,0.00007150
269,503.93056250,0.00002569,0.00007118
270,505.36489063,0.00002560,0.00007095
271,506.73833594,0.00002551,0.00007065
272,508.24909375,0.00002542,0.00007036
273,509.73963281,0.00002534,0.00007008
274,510.97502344,0.00002525,0.00006980
275,512.32074219,0.00002516,0.00006955
276,513.75389844,0.00002508,0.00006928
277,514.92179688,0.00002499,0.00006902
278,516.40925000,0.00002491,0.00006874
279,517.44268750,0.00002483,0.00006854
280,518.83997656,0.00002475,0.00006828
281,520.24924219,0.00002466,0.00006802
282,521.35572656,0.00002458,0.00006780
283,522.83862500,0.00002450,0.00006749
284,524.46188281,0.00002442,0.00006720
285,526.53278125,0.00002434,0.00006692
286,528.61212500,0.00002426,0.00006666
287,530.87312500,0.00002418,0.00006639
288,532.86636719,0.00002410,0.00006611
289,535.22738281,0.00002402,0.00006582
290,537.49155469,0.00002395,0.00006556
291,538.91871875,0.00002387,0.00006534
292,540.74707031,0.00002379,0.00006512
293,542.16719531,0.00002372,0.00006488
294,544.02388281,0.00002364,0.00006462
295,545.96671875,0.00002357,0.00006437
296,547.28723438,0.00002350,0.00006415
297,548.99545313,0.00002342,0.00006393
298,550.77788281,0.00002335,0.00006370
299,552.05258594,0.00002327,0.00006350
300,553.72339063,0.00002320,0.00006330
301,555.44498438,0.00002313,0.00006307
302,556.81835938,0.00002306,0.00006286
303,558.56756250,0.00002299,0.00006263
304,559.87746875,0.00002292,0.00006245
305,561.71235938,0.00002284,0.00006222
306,563.59974219,0.00002278,0.00006201
307,564.92809375,0.00002271,0.00006182
308,566.63783594,0.00002264,0.00006161
309,568.49396875,0.00002257,0.00006139
310,569.94947656,0.00002250,0.00006117
311,571.59380469,0.00002243,0.00006099
312,573.40388281,0.00002236,0.00006079
313,574.98429688,0.00002230,0.00006056
314,576.74272656,0.00002223,0.00006037
315,578.47780469,0.00002216,0.00006016
316,580.10103125,0.00002210,0.00005994
317,581.88350000,0.00002203,0.00005976
318,583.17333594,0.00002197,0.00005959
319,585.07318750,0.00002190,0.00005939
320,586.86977344,0.00002184,0.00005918
321,588.38680469,0.00002177,0.00005898
322,590.25648438,0.00002171,0.00005876
323,592.04233594,0.00002164,0.00005856
324,593.42985938,0.00002158,0.00005837
325,595.20916406,0.00002152,0.00005819
326,597.07421094,0.00002146,0.00005797
327,598.53868750,0.00002139,0.00005779
328,600.26638281,0.00002133,0.00005761
329,601.66340625,0.00002127,0.00005743
330,603.51372656,0.00002121,0.00005724
331,605.32487500,0.00002115,0.00005705
332,606.79334375,0.00002109,0.00005687
333,608.52895313,0.00002103,0.00005668
334,610.25950781,0.00002097,0.00005651
335,611.67483594,0.00002091,0.00005635
336,613.35073438,0.00002085,0.00005619
337,615.19541406,0.00002079,0.00005602
338,616.64507813,0.00002074,0.00005584
339,618.47708594,0.00002068,0.00005565
340,620.37882813,0.00002062,0.00005547
341,621.70449219,0.00002057,0.00005531
342,623.36278125,0.00002051,0.00005515
343,624.77171875,0.00002045,0.00005499
344,626.62382813,0.00002040,0.00005480
345,628.52129688,0.00002034,0.00005461
346,629.92357813,0.00002028,0.00005446
347,631.60105469,0.00002023,0.00005428
348,633.16329688,0.00002017,0.00005414
349,634.69258594,0.00002012,0.00005395
350,636.41118750,0.00002006,0.00005378
351,638.21140625,0.00002001,0.00005359
352,639.67621094,0.00001995,0.00005344
353,641.43612500,0.00001990,0.00005327
354,642.78446875,0.00001985,0.00005313
355,644.59653125,0.00001979,0.00005297
356,646.29491406,0.00001974,0.00005282
357,647.73098438,0.00001969,0.00005266
358,649.38920313,0.00001964,0.00005250
359,650.87206250,0.00001959,0.00005236
360,652.20298438,0.00001953,0.00005223
361,653.96912500,0.00001948,0.00005206
362,655.70757813,0.00001943,0.00005189
363,657.18685938,0.00001938,0.00005173
364,658.73389844,0.00001933,0.00005160
365,659.89789063,0.00001928,0.00005149
366,661.63175781,0.00001923,0.00005133
367,663.12387500,0.00001918,0.00005121
368,664.37560156,0.00001913,0.00005107
369,666.20084375,0.00001908,0.00005091
370,667.79985156,0.00001903,0.00005076
371,669.02692969,0.00001898,0.00005064
372,670.59482813,0.00001894,0.00005050
373,672.19760156,0.00001889,0.00005038
374,673.53085156,0.00001884,0.00005023
375,675.12080469,0.00001879,0.00005010
376,676.78191406,0.00001874,0.00004996
377,678.08658594,0.00001870,0.00004984
378,679.62056250,0.00001865,0.00004971
379,680.76659375,0.00001860,0.00004961
380,682.45922656,0.00001856,0.00004947
381,684.03622656,0.00001851,0.00004935
382,685.30960938,0.00001847,0.00004923
383,686.94416406,0.00001842,0.00004910
384,688.46542969,0.00001837,0.00004899
385,689.85663281,0.00001833,0.00004886
386,691.48652344,0.00001828,0.00004873
387,693.42642188,0.00001824,0.00004858
388,695.88066406,0.00001819,0.00004841
389,698.21390625,0.00001815,0.00004826
390,700.62450000,0.00001810,0.00004812
391,702.87583594,0.00001806,0.00004798
392,705.53750781,0.00001802,0.00004781
393,707.92278125,0.00001797,0.00004766
394,710.58943750,0.00001793,0.00004750
395,713.02126563,0.00001789,0.00004736
396,715.12942969,0.00001784,0.00004722
397,717.66749219,0.00001780,0.00004708
398,720.13526563,0.00001776,0.00004694
399,722.73979688,0.00001771,0.00004678
400,724.94355469,0.00001764,0.00004664
401,727.35608594,0.00001758,0.00004649
402,729.54602344,0.00001754,0.00004636
403,731.45078906,0.00001750,0.00004624
404,732.99724219,0.00001746,0.00004612
405,734.84111719,0.00001742,0.00004600
406,736.76303125,0.00001738,0.00004587
407,738.20200781,0.00001734,0.00004576
408,740.20131250,0.00001730,0.00004562
409,742.13308594,0.00001725,0.00004550
410,743.66078906,0.00001722,0.00004538
411,745.64092969,0.00001718,0.00004525
412,747.66465625,0.00001714,0.00004513
413,749.07652344,0.00001710,0.00004503
414,750.96973438,0.00001706,0.00004490
415,752.72578906,0.00001702,0.00004479
416,754.54254688,0.00001698,0.00004467
417,756.40789063,0.00001694,0.00004455
418,757.95750781,0.00001690,0.00004443
419,759.87367188,0.00001686,0.00004431
420,761.51058594,0.00001683,0.00004421
421,762.83284375,0.00001679,0.00004412
422,764.57928906,0.00001675,0.00004401
423,766.37933594,0.00001671,0.00004389
424,767.84233594,0.00001668,0.00004379
425,769.70293750,0.00001664,0.00004367
426,771.35147656,0.00001660,0.00004358
427,772.86307813,0.00001656,0.00004347
428,774.59335156,0.00001653,0.00004336
429,775.98650781,0.00001649,0.00004326
430,777.81096094,0.00001645,0.00004315
431,779.56092188,0.00001642,0.00004304
432,780.73128125,0.00001638,0.00004297
433,782.35977344,0.00001635,0.00004286
434,783.86575000,0.00001631,0.00004277
435,785.16507031,0.00001627,0.00004268
436,786.66196094,0.00001624,0.00004259
437,788.14642188,0.00001620,0.00004251
438,789.33503906,0.00001617,0.00004242
439,790.76335938,0.00001613,0.00004234
440,792.15393750,0.00001610,0.00004225
441,793.70384375,0.00001606,0.00004215
442,795.08081250,0.00001603,0.00004207
443,796.38698438,0.00001600,0.00004197
444,798.25311719,0.00001596,0.00004186
445,799.83097656,0.00001593,0.00004177
446,801.13985938,0.00001589,0.00004168
447,802.90327344,0.00001586,0.00004158
448,804.65077344,0.00001582,0.00004149
449,806.00599219,0.00001579,0.00004140
450,807.65588281,0.00001576,0.00004131
451,809.17014844,0.00001572,0.00004123
452,810.52212500,0.00001569,0.00004114
453,812.21753125,0.00001566,0.00004105
454,813.51063281,0.00001562,0.00004097
455,814.93264063,0.00001559,0.00004088
456,816.44601563,0.00001556,0.00004079
457,817.49350000,0.00001553,0.00004071
458,818.95258594,0.00001549,0.00004063
459,820.39062500,0.00001546,0.00004055
460,821.47549219,0.00001543,0.00004047
461,822.90676563,0.00001540,0.00004038
462,824.37741406,0.00001537,0.00004029
463,825.50216406,0.00001533,0.00004021
464,827.01946094,0.00001530,0.00004012
465,828.07794531,0.00001527,0.00004004
466,829.53508594,0.00001524,0.00003996
467,831.32352344,0.00001521,0.00003987
468,832.54460938,0.00001518,0.00003980
469,834.12607031,0.00001515,0.00003972
470,835.66752344,0.00001512,0.00003964
471,836.88459375,0.00001509,0.00003956
472,838.55309375,0.00001506,0.00003947
473,840.07105469,0.00001502,0.00003938
474,841.34089063,0.00001499,0.00003931
475,842.92960156,0.00001496,0.00003922
476,844.37476563,0.00001493,0.00003915
477,845.82246875,0.00001490,0.00003906
478,847.42179688,0.00001487,0.00003898
479,848.61961719,0.00001484,0.00003891
480,850.42375000,0.00001481,0.00003881
481,852.06059375,0.00001478,0.00003872
482,853.36468750,0.00001476,0.00003865
483,855.00630469,0.00001473,0.00003857
484,856.65676563,0.00001470,0.00003850
485,857.96432031,0.00001467,0.00003843
486,859.68549219,0.00001464,0.00003835
487,861.46747656,0.00001461,0.00003827
488,862.74387500,0.00001458,0.00003820
489,864.41631250,0.00001455,0.00003812
490,865.85885938,0.00001453,0.00003805
491,867.58421094,0.00001450,0.00003797
492,869.36594531,0.00001447,0.00003789
493,870.64146094,0.00001444,0.00003782
494,872.35978125,0.00001441,0.00003775
495,874.18207031,0.00001439,0.00003767
496,875.60755469,0.00001436,0.00003759
497,877.43396875,0.00001433,0.00003751
498,879.28601563,0.00001430,0.00003743
499,880.45444531,0.00001427,0.00003737
500,882.35846875,0.00001425,0.00003728
501,883.68813281,0.00001422,0.00003722
502,885.49058594,0.00001419,0.00003713
503,887.26128906,0.00001417,0.00003706
504,889.14421875,0.00001414,0.00003697
505,890.82478125,0.00001411,0.00003689
506,892.50965625,0.00001408,0.00003682
507,893.84928906,0.00001406,0.00003675
508,895.58800000,0.00001403,0.00003666
509,897.25096875,0.00001400,0.00003659
510,898.50339063,0.00001398,0.00003653
511,900.36767188,0.00001395,0.00003644
512,902.07496875,0.00001393,0.00003638
513,903.32980469,0.00001390,0.00003631
514,905.02321094,0.00001387,0.00003624
515,906.39516406,0.00001385,0.00003617
516,908.06051563,0.00001382,0.00003610
517,909.68984375,0.00001380,0.00003603
518,910.92675781,0.00001377,0.00003597
519,912.75539063,0.00001375,0.00003590
520,914.48296094,0.00001372,0.00003583
521,915.91040625,0.00001369,0.00003576
522,917.68541406,0.00001367,0.00003569
523,919.45996875,0.00001364,0.00003561
524,920.90132813,0.00001362,0.00003555
525,922.55960156,0.00001359,0.00003548
526,924.27792969,0.00001357,0.00003541
527,925.94166406,0.00001354,0.00003533
528,927.72960156,0.00001352,0.00003526
529,929.04773438,0.00001349,0.00003521
530,930.92030469,0.00001347,0.00003514
531,932.77296875,0.00001345,0.00003507
532,934.17851563,0.00001342,0.00003501
533,936.04212500,0.00001340,0.00003494
534,937.93894531,0.00001337,0.00003487
535,939.40017969,0.00001335,0.00003480
536,941.11320313,0.00001333,0.00003473
537,942.73443750,0.00001330,0.00003467
538,943.97957031,0.00001328,0.00003461
539,945.85787500,0.00001325,0.00003455
540,947.66188281,0.00001323,0.00003448
541,948.91036719,0.00001321,0.00003442
542,950.51205469,0.00001318,0.00003436
543,951.82926563,0.00001316,0.00003430
544,953.73016406,0.00001314,0.00003422
545,955.84212500,0.00001311,0.00003414
546,957.33320313,0.00001309,0.00003408
547,959.07881250,0.00001307,0.00003402
548,960.76535938,0.00001305,0.00003395
549,962.05507031,0.00001302,0.00003390
550,963.85613281,0.00001300,0.00003384
551,965.52397656,0.00001298,0.00003378
552,967.01676563,0.00001295,0.00003372
553,968.68156250,0.00001293,0.00003366
554,969.86629688,0.00001291,0.00003361
555,971.55988281,0.00001289,0.00003354
556,973.29465625,0.00001287,0.00003348
557,974.83207031,0.00001284,0.00003342
558,976.73448438,0.00001282,0.00003335
559,978.52844531,0.00001280,0.00003328
560,979.96617969,0.00001278,0.00003323
561,981.67039063,0.00001276,0.00003317
562,983.35332813,0.00001273,0.00003311
563,984.82704688,0.00001271,0.00003305
564,986.54745313,0.00001269,0.00003299
565,988.26092188,0.00001267,0.00003293
566,989.47842188,0.00001265,0.00003288
567,991.09597656,0.00001262,0.00003283
568,992.53055469,0.00001260,0.00003277
569,994.23431250,0.00001258,0.00003271
570,996.21121875,0.00001256,0.00003264
571,997.88957813,0.00001254,0.00003258
572,999.90739063,0.00001252,0.00003251
573,1001.84271875,0.00001250,0.00003245
574,1003.39475781,0.00001248,0.00003239
575,1005.54295313,0.00001245,0.00003233
576,1007.54200781,0.00001243,0.00003226
577,1009.18972656,0.00001241,0.00003220
578,1010.89608594,0.00001239,0.00003215
579,1012.10896875,0.00001237,0.00003210
580,1013.87482813,0.00001235,0.00003205
581,1015.61283594,0.00001233,0.00003199
582,1016.93307813,0.00001231,0.00003193
583,1018.65145313,0.00001229,0.00003188
584,1020.44196875,0.00001227,0.00003182
585,1021.75930469,0.00001225,0.00003177
586,1023.70912500,0.00001223,0.00003171
587,1025.43671094,0.00001221,0.00003166
588,1026.79764844,0.00001219,0.00003160
589,1028.45560156,0.00001217,0.00003155
590,1030.13025000,0.00001215,0.00003150
591,1031.42953906,0.00001213,0.00003145
592,1033.30403906,0.00001211,0.00003139
593,1034.68182813,0.00001209,0.00003134
594,1036.64424219,0.00001207,0.00003128
595,1038.27128125,0.00001205,0.00003123
596,1039.54794531,0.00001203,0.00003119
597,1041.33210938,0.00001201,0.00003113
598,1042.94743750,0.00001199,0.00003108
599,1044.39154688,0.00001197,0.00003103
600,1046.18527344,0.00001195,0.00003097
601,1048.08414063,0.00001193,0.00003092
602,1049.81171094,0.00001192,0.00003086
603,1051.44217188,0.00001190,0.00003080
604,1053.14568750,0.00001188,0.00003075
605,1054.54226563,0.00001186,0.00003070
606,1056.18763281,0.00001184,0.00003065
607,1057.53457031,0.00001182,0.00003060
608,1059.39385156,0.00001180,0.00003054
609,1061.08760938,0.00001178,0.00003049
610,1062.40824219,0.00001176,0.00003045
611,1063.92742969,0.00001174,0.00003041
612,1065.67522656,0.00001173,0.00003036
613,1067.06896094,0.00001171,0.00003031
614,1068.60667188,0.00001169,0.00003026
615,1070.40333594,0.00001167,0.00003021
616,1071.99012500,0.00001165,0.00003015
617,1073.63517969,0.00001163,0.00003011
618,1074.94094531,0.00001162,0.00003006
619,1076.63545313,0.00001160,0.00003001
620,1078.35354688,0.00001158,0.00002996
621,1079.66874219,0.00001156,0.00002991
622,1081.95442969,0.00001154,0.00002985
623,1083.72439844,0.00001153,0.00002980
624,1085.14746875,0.00001151,0.00002975
625,1086.83309375,0.00001149,0.00002970
626,1088.47768750,0.00001147,0.00002965
627,1089.78817188,0.00001146,0.00002961
628,1091.27424219,0.00001144,0.00002956
629,1092.62156250,0.00001142,0.00002952
630,1094.14390625,0.00001140,0.00002948
631,1095.61605469,0.00001139,0.00002944
632,1096.89046875,0.00001137,0.00002939
633,1098.31546875,0.00001135,0.00002935
634,1099.70228906,0.00001133,0.00002931
635,1100.82647656,0.00001132,0.00002927
636,1102.28178125,0.00001130,0.00002923
637,1103.80547656,0.00001128,0.00002918
638,1104.97757813,0.00001127,0.00002914
639,1106.44443750,0.00001125,0.00002909
640,1107.87491406,0.00001123,0.00002905
641,1109.11146875,0.00001121,0.00002901
642,1111.44154688,0.00001120,0.00002895
643,1113.65864063,0.00001118,0.00002890
644,1115.75839063,0.00001116,0.00002884
645,1118.03243750,0.00001115,0.00002879
646,1119.93340625,0.00001113,0.00002874
647,1122.23648438,0.00001111,0.00002869
648,1124.27927344,0.00001110,0.00002863
649,1125.77152344,0.00001108,0.00002859
650,1127.65380469,0.00001106,0.00002854
651,1129.47953125,0.00001105,0.00002849
652,1131.04789063,0.00001103,0.00002845
653,1132.64760156,0.00001101,0.00002840
654,1133.90414063,0.00001100,0.00002836
655,1135.70335938,0.00001098,0.00002832
656,1137.17454688,0.00001097,0.00002828
657,1138.57985938,0.00001095,0.00002824
658,1140.32894531,0.00001093,0.00002820
659,1142.01010938,0.00001092,0.00002816
660,1143.36171875,0.00001090,0.00002811
661,1145.17360938,0.00001089,0.00002807
662,1147.03985938,0.00001087,0.00002802
663,1148.78965625,0.00001085,0.00002798
664,1150.49463281,0.00001084,0.00002793
665,1152.25392969,0.00001082,0.00002789
666,1153.56909375,0.00001081,0.00002785
667,1155.47129688,0.00001079,0.00002780
668,1156.89151563,0.00001077,0.00002776
669,1158.76839844,0.00001076,0.00002771
670,1160.56754688,0.00001074,0.00002767
671,1161.98095313,0.00001073,0.00002763
672,1163.64477344,0.00001071,0.00002759
673,1165.55285156,0.00001070,0.00002755
674,1167.06223438,0.00001068,0.00002750
675,1168.88412500,0.00001067,0.00002746
676,1170.70888281,0.00001065,0.00002741
677,1172.11153906,0.00001064,0.00002737
678,1173.87066406,0.00001062,0.00002733
679,1175.41821875,0.00001061,0.00002729
680,1177.32196094,0.00001059,0.00002724
681,1179.10586719,0.00001058,0.00002720
682,1180.59632813,0.00001760,0.00002716
683,1182.41128125,0.00001758,0.00002711
684,1184.09102344,0.00001755,0.00002708
685,1185.65191406,0.00001753,0.00002703
686,1187.42403906,0.00001750,0.00002699
687,1189.32999219,0.00001748,0.00002695
688,1190.68153125,0.00001745,0.00002691
689,1192.31658594,0.00001743,0.00002687
690,1193.69290625,0.00001740,0.00002684
691,1195.55278125,0.00001738,0.00002679
692,1197.25742188,0.00001736,0.00002675
693,1198.69853125,0.00001733,0.00002671
694,1200.55436719,0.00001731,0.00002667
695,1202.31317188,0.00001728,0.00002663
696,1203.68502344,0.00001726,0.00002659
697,1205.36861719,0.00001724,0.00002655
698,1207.11805469,0.00001721,0.00002651
699,1208.64062500,0.00001719,0.00002647
700,1210.25453906,0.00001716,0.00002643
701,1211.96693750,0.00001714,0.00002639
702,1213.30951563,0.00001712,0.00002636
703,1215.08161719,0.00001709,0.00002631
704,1216.47660156,0.00001707,0.00002628
705,1218.42679688,0.00001705,0.00002623
706,1220.19265625,0.00001702,0.00002620
707,1221.47457813,0.00001700,0.00002616
708,1223.14715625,0.00001698,0.00002612
709,1224.86796094,0.00001695,0.00002608
710,1226.29341406,0.00001693,0.00002605
711,1228.16875000,0.00001691,0.00002600
712,1229.91269531,0.00001688,0.00002597
713,1231.33403125,0.00001686,0.00002593
714,1232.95947656,0.00001684,0.00002590
715,1234.43484375,0.00001681,0.00002586
716,1235.98208594,0.00001679,0.00002582
717,1237.66402344,0.00001677,0.00002578
718,1239.01121094,0.00001675,0.00002575
719,1240.70714844,0.00001672,0.00002571
720,1242.21917969,0.00001670,0.00002568
721,1243.57639063,0.00001668,0.00002565
722,1245.22872656,0.00001666,0.00002561
723,1246.98482031,0.00001663,0.00002557
724,1248.28192969,0.00001661,0.00002554
725,1249.83357813,0.00001659,0.00002550
726,1251.52800781,0.00001657,0.00002547
727,1252.78248438,0.00001654,0.00002544
728,1254.39235938,0.00001652,0.00002540
729,1255.65139063,0.00001650,0.00002537
730,1257.31721875,0.00001648,0.00002533
731,1258.88495313,0.00001646,0.00002530
732,1260.00927344,0.00001644,0.00002527
733,1261.47042188,0.00001641,0.00002524
734,1263.16150781,0.00001639,0.00002520
735,1264.43597656,0.00001637,0.00002517
736,1266.01407031,0.00001635,0.00002513
737,1267.60325000,0.00001633,0.00002510
738,1268.85727344,0.00001631,0.00002507
739,1270.39552344,0.00001628,0.00002504
740,1271.97417188,0.00001626,0.00002500
741,1273.60589063,0.00001624,0.00002496
742,1275.26266406,0.00001622,0.00002493
743,1276.49928906,0.00001620,0.00002490
744,1278.24994531,0.00001618,0.00002486
745,1280.77134375,0.00001616,0.00002481
746,1282.99382813,0.00001614,0.00002477
747,1285.65286719,0.00001611,0.00002473
748,1288.29853906,0.00001609,0.00002469
749,1290.60489844,0.00001607,0.00002465
750,1293.23233594,0.00001605,0.00002460
751,1295.18660156,0.00001603,0.00002457
752,1298.17705469,0.00001601,0.00002452
753,1300.62353125,0.00001599,0.00002448
754,1303.18537500,0.00001597,0.00002444
755,1305.55241406,0.00001595,0.00002440
756,1308.06123438,0.00001593,0.00002436
757,1310.28403906,0.00001591,0.00002432
758,1313.15796094,0.00001588,0.00002428
759,1315.61050000,0.00001586,0.00002424
760,1317.70627344,0.00001584,0.00002419
761,1319.41665625,0.00001582,0.00002416
762,1321.36077344,0.00001580,0.00002412
763,1322.88084375,0.00001578,0.00002409
764,1324.80081250,0.00001576,0.00002405
765,1326.80730469,0.00001574,0.00002401
766,1328.42082813,0.00001572,0.00002398
767,1330.21999219,0.00001570,0.00002395
768,1331.69365625,0.00001568,0.00002392
769,1333.57711719,0.00001566,0.00002388
770,1335.54721094,0.00001564,0.00002385
771,1337.08386719,0.00001562,0.00002381
772,1339.11024219,0.00001560,0.00002378
773,1340.95842969,0.00001558,0.00002375
774,1342.53416406,0.00001556,0.00002371
775,1344.21776563,0.00001554,0.00002368
776,1346.05009375,0.00001552,0.00002365
777,1347.48067188,0.00001550,0.00002361
778,1349.23190625,0.00001549,0.00002358
779,1350.86982813,0.00001547,0.00002355
780,1352.65611719,0.00001545,0.00002351
781,1354.34182813,0.00001543,0.00002348
782,1355.87378125,0.00001541,0.00002345
783,1357.84107813,0.00001539,0.00002342
784,1359.55330469,0.00001537,0.00002338
785,1361.01209375,0.00001535,0.00002335
786,1362.75128906,0.00001533,0.00002332
787,1364.62598438,0.00001531,0.00002329
788,1365.90440625,0.00001529,0.00002326
789,1367.66749219,0.00001527,0.00002323
790,1369.18497656,0.00001526,0.00002320
791,1370.51771875,0.00001524,0.00002317
792,1372.10435938,0.00001522,0.00002314
793,1373.23311719,0.00001520,0.00002312
794,1374.84320313,0.00001518,0.00002308
795,1376.44456250,0.00001516,0.00002306
796,1377.74307031,0.00001514,0.00002303
797,1379.38184375,0.00001513,0.00002300
798,1380.80932031,0.00001511,0.00002297
799,1382.10223438,0.00001509,0.00002294
800,1383.62027344,0.00001507,0.00002291
801,1385.56456250,0.00001505,0.00002288
802,1386.94640625,0.00001503,0.00002285
803,1388.64124219,0.00001502,0.00002282
804,1389.92296094,0.00001500,0.00002280
805,1391.70900000,0.00001498,0.00002277
806,1393.36898438,0.00001496,0.00002274
807,1394.73096094,0.00001494,0.00002271
808,1396.52479688,0.00001492,0.00002267
809,1398.31049219,0.00001491,0.00002264
810,1399.66017188,0.00001489,0.00002261
811,1401.28974219,0.00001487,0.00002259
812,1402.70058594,0.00001485,0.00002256
813,1403.94189063,0.00001484,0.00002253
814,1405.30846875,0.00001482,0.00002251
815,1406.77949219,0.00001480,0.00002248
816,1407.84909375,0.00001478,0.00002245
817,1409.30098438,0.00001477,0.00002243
818,1410.31561719,0.00001475,0.00002240
819,1411.87539844,0.00001473,0.00002237
820,1413.32771875,0.00001471,0.00002235
821,1414.48269531,0.00001469,0.00002232
822,1415.92103125,0.00001468,0.00002229
823,1417.29649219,0.00001466,0.00002227
824,1418.67899219,0.00001464,0.00002224
825,1420.36074219,0.00001463,0.00002221
826,1421.97680469,0.00001461,0.00002218
827,1423.27884375,0.00001459,0.00002216
828,1424.90992188,0.00001457,0.00002213
829,1426.21290625,0.00001456,0.00002211
830,1427.95845313,0.00001454,0.00002208
831,1429.52275781,0.00001452,0.00002205
832,1430.92626563,0.00001450,0.00002203
833,1432.78007813,0.00001449,0.00002200
834,1434.56023438,0.00001447,0.00002197
835,1435.85408594,0.00001445,0.00002194
836,1437.60714063,0.00001444,0.00002191
837,1439.31967188,0.00001442,0.00002188
838,1440.82345313,0.00001440,0.00002186
839,1442.43912500,0.00001439,0.00002183
840,1444.06886719,0.00001437,0.00002181
841,1445.55980469,0.00001435,0.00002178
842,1447.22371875,0.00001434,0.00002175
843,1448.50340625,0.00001432,0.00002173
844,1450.25113281,0.00001430,0.00002170
845,1451.90875781,0.00001429,0.00002168
846,1453.30007813,0.00001427,0.00002165
847,1455.05261719,0.00001425,0.00002163
848,1456.92196875,0.00001424,0.00002160
849,1458.15889844,0.00001422,0.00002157
850,1460.03270313,0.00001421,0.00002154
851,1461.85683594,0.00001419,0.00002152
852,1463.19382813,0.00001417,0.00002149
853,1465.01249219,0.00001416,0.00002147
854,1466.27175781,0.00001414,0.00002144
855,1468.13047656,0.00001412,0.00002142
856,1470.05033594,0.00001411,0.00002139
857,1471.27367969,0.00001409,0.00002137
858,1473.27126563,0.00001408,0.00002134
859,1475.16792969,0.00001406,0.00002131
860,1476.39389063,0.00001404,0.00002129
861,1478.35378125,0.00001403,0.00002126
862,1480.54616406,0.00001401,0.00002123
863,1481.89967969,0.00001400,0.00002120
864,1483.65378125,0.00001398,0.00002117
865,1485.48035156,0.00001396,0.00002115
866,1486.79939844,0.00001395,0.00002112
867,1488.40187500,0.00001393,0.00002110
868,1489.77672656,0.00001392,0.00002107
869,1491.62076563,0.00001390,0.00002104
870,1493.35106250,0.00001389,0.00002102
871,1494.65400781,0.00001387,0.00002099
872,1496.32382813,0.00001386,0.00002097
873,1498.05909375,0.00001384,0.00002094
874,1499.36371875,0.00001382,0.00002092
875,1501.15586719,0.00001381,0.00002090
876,1502.88539844,0.00001379,0.00002087
877,1504.61480469,0.00001378,0.00002084
878,1506.20528906,0.00001376,0.00002082
879,1507.50050781,0.00001375,0.00002080
880,1509.34796094,0.00001373,0.00002077
881,1511.20408594,0.00001372,0.00002075
882,1512.74605469,0.00001370,0.00002072
883,1514.38364063,0.00001369,0.00002070
884,1516.07419531,0.00001367,0.00002068
885,1517.64467969,0.00001366,0.00002065
886,1519.35034375,0.00001364,0.00002063
887,1521.21514844,0.00001363,0.00002060
888,1522.99071875,0.00001361,0.00002057
889,1524.74795313,0.00001360,0.00002055
890,1526.47125000,0.00001358,0.00002053
891,1527.96670313,0.00001357,0.00002050
892,1529.69410938,0.00001355,0.00002048
893,1531.25248438,0.00001354,0.00002046
894,1532.93510938,0.00001352,0.00002043
895,1534.66605469,0.00001351,0.00002041
896,1536.17425000,0.00001349,0.00002039
897,1537.90542969,0.00001348,0.00002036
898,1539.67696875,0.00001346,0.00002034
899,1541.24783594,0.00001345,0.00002031
900,1542.94520313,0.00001343,0.00002028
901,1544.80547656,0.00001342,0.00002026
902,1546.64375781,0.00001340,0.00002023
903,1548.33869531,0.00001339,0.00002021
904,1549.68950000,0.00001338,0.00002019
905,1551.58244531,0.00001336,0.00002017
906,1553.24685938,0.00001335,0.00002014
907,1554.75130469,0.00001333,0.00002012
908,1556.40860938,0.00001332,0.00002010
909,1558.11653125,0.00001330,0.00002008
910,1559.46316406,0.00001329,0.00002006
911,1561.08236719,0.00001328,0.00002003
912,1562.85292969,0.00001326,0.00002001
913,1564.34587500,0.00001325,0.00001999
914,1566.33741406,0.00001323,0.00001996
915,1568.13728125,0.00001322,0.00001994
916,1569.49713281,0.00001320,0.00001992
917,1571.49447656,0.00001319,0.00001990
918,1572.91672656,0.00001318,0.00001987
919,1574.62081250,0.00001316,0.00001985
920,1576.51956250,0.00001315,0.00001983
921,1577.77806250,0.00001313,0.00001981
922,1579.40753125,0.00001312,0.00001979
923,1581.15155469,0.00001311,0.00001976
924,1582.47015625,0.00001309,0.00001974
925,1584.39128125,0.00001308,0.00001972
926,1586.09741406,0.00001306,0.00001970
927,1587.63364063,0.00001305,0.00001967
928,1589.72601563,0.00001304,0.00001965
929,1591.39596875,0.00001302,0.00001963
930,1593.60378906,0.00001301,0.00001960
931,1595.61391406,0.00001300,0.00001958
932,1597.14425781,0.00001298,0.00001956
933,1599.10127344,0.00001297,0.00001954
934,1600.82876563,0.00001296,0.00001952
935,1602.36442969,0.00001294,0.00001950
936,1604.26804688,0.00001293,0.00001947
937,1605.95389063,0.00001291,0.00001945
938,1607.29688281,0.00001290,0.00001943
939,1608.93371875,0.00001289,0.00001941
940,1610.58889063,0.00001287,0.00001939
941,1612.08305469,0.00001286,0.00001937
942,1613.82304688,0.00001285,0.00001935
943,1615.47188281,0.00001283,0.00001932
944,1617.19931250,0.00001282,0.00001930
945,1618.92013281,0.00001281,0.00001928
946,1620.17443750,0.00001279,0.00001927
947,1621.86620313,0.00001278,0.00001924
948,1623.70877344,0.00001277,0.00001922
949,1625.05633594,0.00001276,0.00001920
950,1626.84108594,0.00001274,0.00001918
951,1628.25938281,0.00001273,0.00001916
952,1630.09017188,0.00001272,0.00001914
953,1631.75571094,0.00001270,0.00001912
954,1633.05254688,0.00001269,0.00001910
955,1634.80912500,0.00001268,0.00001908
956,1636.71928125,0.00001266,0.00001905
957,1637.92103125,0.00001265,0.00001904
958,1639.79991406,0.00001264,0.00001901
959,1641.96669531,0.00001262,0.00001899
960,1643.34603125,0.00001261,0.00001897
961,1645.03803125,0.00001260,0.00001895
962,1646.72156250,0.00001259,0.00001893
963,1648.12567969,0.00001257,0.00001891
964,1649.84856250,0.00001256,0.00001889
965,1651.29806250,0.00001255,0.00001887
966,1653.03404688,0.00001253,0.00001885
967,1654.76237500,0.00001252,0.00001883
968,1656.05757031,0.00001251,0.00001881
969,1657.83480469,0.00001250,0.00001879
970,1659.51492969,0.00001248,0.00001877
971,1660.79431250,0.00001247,0.00001875
972,1662.66636719,0.00001246,0.00001873
973,1664.78364063,0.00001245,0.00001871
974,1666.13182813,0.00001243,0.00001869
975,1668.03567188,0.00001242,0.00001867
976,1669.67572656,0.00001241,0.00001865
977,1670.98991406,0.00001240,0.00001863
978,1672.76321094,0.00001238,0.00001862
979,1674.52117188,0.00001237,0.00001860
980,1676.42633594,0.00001236,0.00001857
981,1678.02547656,0.00001235,0.00001856
982,1679.26357031,0.00001233,0.00001854
983,1680.89939063,0.00001232,0.00001852
984,1682.69064063,0.00001231,0.00001850
985,1684.41236719,0.00001230,0.00001848
986,1686.01835156,0.00001228,0.00001846
987,1687.61633594,0.00001227,0.00001844
988,1688.87098438,0.00001226,0.00001842
989,1690.40035938,0.00001225,0.00001841
990,1691.44409375,0.00001224,0.00001839
991,1693.09260938,0.00001222,0.00001837
992,1694.77071875,0.00001221,0.00001835
993,1696.36045313,0.00001220,0.00001833
994,1698.18552344,0.00001219,0.00001831
995,1699.79374219,0.00001218,0.00001830
996,1701.32194531,0.00001216,0.00001828
997,1702.98432813,0.00001215,0.00001826
998,1704.69244531,0.00001214,0.00001824
999,1706.40987500,0.00001213,0.00001822
1000,1708.50649219,0.00001212,0.00001820
1001,1710.63375000,0.00001210,0.00001818
1002,1712.30487500,0.00001209,0.00001816
1003,1714.33719531,0.00001208,0.00001814
1004,1715.98239063,0.00001207,0.00001812
1005,1718.08146094,0.00001206,0.00001810
1006,1720.04514063,0.00001205,0.00001808
1007,1721.41886719,0.00001203,0.00001806
1008,1722.99862500,0.00001202,0.00001805
1009,1724.60776563,0.00001201,0.00001803
1010,1725.97137500,0.00001200,0.00001801
1011,1727.55565625,0.00001199,0.00001800
1012,1729.07779688,0.00001198,0.00001798
1013,1730.29737500,0.00001196,0.00001797
1014,1731.73447656,0.00001195,0.00001795
1015,1733.13963281,0.00001194,0.00001793
1016,1734.59509375,0.00001193,0.00001792
1017,1736.17496094,0.00001192,0.00001790
1018,1737.34543750,0.00001191,0.00001789
1019,1738.84236719,0.00001190,0.00001787
1020,1740.47282813,0.00001188,0.00001785
1021,1741.72163281,0.00001187,0.00001784
1022,1743.36495313,0.00001186,0.00001782
1023,1744.82635938,0.00001185,0.00001780
1024,1746.72474219,0.00001184,0.00001778
1025,1749.63659375,0.00001183,0.00001776
1026,1751.93089063,0.00001182,0.00001774
1027,1754.02713281,0.00001180,0.00001772
1028,1756.24517969,0.00001179,0.00001770
1029,1758.46545313,0.00001178,0.00001768
1030,1760.33379688,0.00001177,0.00001766
1031,1762.23162500,0.00001176,0.00001764
1032,1763.66469531,0.00001175,0.00001763
1033,1765.48796094,0.00001174,0.00001761
1034,1767.44228906,0.00001173,0.00001759
1035,1769.02027344,0.00001171,0.00001757
1036,1770.55902344,0.00001170,0.00001755
1037,1772.15632813,0.00001169,0.00001754
1038,1773.39229688,0.00001168,0.00001753
1039,1775.10027344,0.00001167,0.00001751
1040,1776.81035156,0.00001166,0.00001749
1041,1778.04264844,0.00001165,0.00001748
1042,1779.75252344,0.00001164,0.00001746
1043,1781.02273438,0.00001163,0.00001745
1044,1782.80245313,0.00001162,0.00001743
1045,1784.64346875,0.00001160,0.00001741
1046,1786.04628906,0.00001159,0.00001739
1047,1787.88722656,0.00001158,0.00001738
1048,1789.67571875,0.00001157,0.00001736
1049,1791.01943750,0.00001156,0.00001735
1050,1792.77478906,0.00001155,0.00001733
1051,1794.00680469,0.00001154,0.00001732
1052,1795.93657031,0.00001153,0.00001730
1053,1797.69527344,0.00001152,0.00001729
1054,1799.13017969,0.00001151,0.00001727
1055,1800.91491406,0.00001150,0.00001725
1056,1802.65585938,0.00001149,0.00001724
1057,1804.09867969,0.00001148,0.00001722
1058,1805.84338281,0.00001147,0.00001721
1059,1807.72743750,0.00001145,0.00001719
1060,1809.17360938,0.00001144,0.00001717
1061,1810.89681250,0.00001143,0.00001716
1062,1812.43029688,0.00001142,0.00001714
1063,1814.02989844,0.00001141,0.00001713
1064,1815.76111719,0.00001140,0.00001711
1065,1817.56817188,0.00001139,0.00001710
1066,1819.04908594,0.00001138,0.00001708
1067,1820.79788281,0.00001137,0.00001706
1068,1822.14057813,0.00001136,0.00001705
1069,1823.84700000,0.00001135,0.00001704
1070,1825.81889844,0.00001134,0.00001702
1071,1827.24192969,0.00001133,0.00001700
1072,1829.08370313,0.00001132,0.00001699
1073,1830.75000781,0.00001131,0.00001697
1074,1832.22139063,0.00001130,0.00001696
1075,1833.88544531,0.00001129,0.00001694
1076,1835.64403125,0.00001128,0.00001692
1077,1837.17720313,0.00001127,0.00001691
1078,1838.90883594,0.00001126,0.00001689
1079,1840.47286719,0.00001125,0.00001688
1080,1841.93535156,0.00001124,0.00001686
1081,1843.56860156,0.00001123,0.00001685
1082,1844.92282813,0.00001122,0.00001684
1083,1846.61296094,0.00001121,0.00001682
1084,1848.24728906,0.00001120,0.00001680
1085,1849.66002344,0.00001119,0.00001679
1086,1851.31900781,0.00001118,0.00001677
1087,1852.97100000,0.00001117,0.00001676
1088,1854.35338281,0.00001116,0.00001674
1089,1856.11363281,0.00001115,0.00001673
1090,1857.73877344,0.00001114,0.00001671
1091,1859.12726563,0.00001113,0.00001670
1092,1860.78399219,0.00001112,0.00001668
1093,1862.21618750,0.00001111,0.00001667
1094,1864.00167188,0.00001110,0.00001665
1095,1865.90699219,0.00001109,0.00001663
1096,1867.36610156,0.00001108,0.00001662
1097,1869.09136719,0.00001107,0.00001660
1098,1870.63270313,0.00001106,0.00001659
1099,1871.85544531,0.00001105,0.00001658
1100,1873.40578125,0.00001104,0.00001656
1101,1874.78596094,0.00001103,0.00001655
1102,1876.45669531,0.00001102,0.00001653
1103,1878.01601563,0.00001101,0.00001652
1104,1879.26761719,0.00001100,0.00001651
1105,1880.79570313,0.00001099,0.00001649
1106,1882.51428906,0.00001098,0.00001648
1107,1883.81173438,0.00001097,0.00001646
1108,1885.52333594,0.00001096,0.00001645
1109,1887.06880469,0.00001095,0.00001643
1110,1888.32637500,0.00001094,0.00001642
1111,1889.91921094,0.00001093,0.00001640
1112,1891.58123438,0.00001092,0.00001639
1113,1892.91434375,0.00001091,0.00001638
1114,1894.54562500,0.00001090,0.00001636
1115,1896.16491406,0.00001089,0.00001635
1116,1897.38914063,0.00001088,0.00001634
1117,1899.07507031,0.00001087,0.00001632
1118,1900.25204688,0.00001086,0.00001631
1119,1901.90046875,0.00001085,0.00001629
1120,1903.55771094,0.00001084,0.00001628
1121,1904.81335156,0.00001083,0.00001627
1122,1906.53438281,0.00001083,0.00001625
1123,1908.10696875,0.00001082,0.00001624
1124,1909.46696875,0.00001081,0.00001622
1125,1911.09886719,0.00001080,0.00001621
1126,1912.75739063,0.00001079,0.00001619
1127,1914.67575000,0.00001078,0.00001618
1128,1916.91465625,0.00001077,0.00001616
1129,1919.55689844,0.00001076,0.00001614
1130,1921.92223438,0.00001075,0.00001612
1131,1924.58318750,0.00001074,0.00001611
1132,1927.05938281,0.00001073,0.00001609
1133,1929.65524219,0.00001072,0.00001607
1134,1932.16334375,0.00001071,0.00001605
1135,1934.39047656,0.00001070,0.00001603
1136,1936.94933594,0.00001069,0.00001601
1137,1939.44230469,0.00001068,0.00001600
1138,1941.88962500,0.00001067,0.00001598
1139,1944.59462500,0.00001067,0.00001596
1140,1947.14362500,0.00001066,0.00001594
1141,1949.51819531,0.00001065,0.00001593
1142,1951.85524219,0.00001064,0.00001591
1143,1953.67639844,0.00001063,0.00001589
1144,1955.42238281,0.00001062,0.00001588
1145,1957.30416406,0.00001061,0.00001586
1146,1958.76788281,0.00001060,0.00001585
1147,1960.58612500,0.00001059,0.00001584
1148,1962.55343750,0.00001058,0.00001582
1149,1964.05738281,0.00001057,0.00001580
1150,1966.06606250,0.00001057,0.00001579
1151,1968.00892969,0.00001056,0.00001577
1152,1969.41720313,0.00001055,0.00001576
1153,1971.31684375,0.00001054,0.00001575
1154,1972.75206250,0.00001053,0.00001573
1155,1974.86868750,0.00001052,0.00001572
1156,1976.57096094,0.00001051,0.00001570
1157,1977.98595313,0.00001050,0.00001569
1158,1979.79133594,0.00001049,0.00001567
1159,1981.48218750,0.00001049,0.00001566
1160,1982.85202344,0.00001048,0.00001565
1161,1984.60395313,0.00001047,0.00001563
1162,1986.49200781,0.00001046,0.00001562
1163,1987.91062500,0.00001045,0.00001560
1164,1989.76993750,0.00001044,0.00001559
1165,1991.49764844,0.00001043,0.00001558
1166,1992.89297656,0.00001042,0.00001556
1167,1994.76435938,0.00001041,0.00001555
1168,1996.29062500,0.00001041,0.00001553
1169,1997.98378125,0.00001040,0.00001552
1170,1999.62012500,0.00001039,0.00001551
1171,2001.16526563,0.00001038,0.00001549
1172,2002.75117188,0.00001037,0.00001548
1173,2004.29017969,0.00001036,0.00001547
1174,2005.64704688,0.00001035,0.00001546
1175,2007.19370313,0.00001034,0.00001544
1176,2008.78173438,0.00001034,0.00001543
1177,2010.01843750,0.00001033,0.00001542
1178,2011.45507031,0.00001032,0.00001541
1179,2012.72638281,0.00001031,0.00001540
1180,2014.27482031,0.00001030,0.00001538
1181,2015.72295313,0.00001029,0.00001537
1182,2016.86240625,0.00001028,0.00001536
1183,2018.57618750,0.00001028,0.00001534
1184,2020.21408594,0.00001027,0.00001533
1185,2021.55699219,0.00001026,0.00001532
1186,2023.25544531,0.00001025,0.00001530
1187,2025.06362500,0.00001024,0.00001529
1188,2026.37831250,0.00001023,0.00001528
1189,2028.07991406,0.00001022,0.00001526
1190,2029.69083594,0.00001022,0.00001525
1191,2031.08517969,0.00001021,0.00001524
1192,2032.75339844,0.00001020,0.00001523
1193,2034.17203125,0.00001019,0.00001521
1194,2035.64460156,0.00001018,0.00001520
1195,2037.07694531,0.00001017,0.00001519
1196,2038.17552344,0.00001017,0.00001518
1197,2039.53992969,0.00001016,0.00001517
1198,2041.01611719,0.00001015,0.00001515
1199,2042.14787500,0.00001014,0.00001514
1200,2043.61298438,0.00001013,0.00001513
1201,2045.03541406,0.00001012,0.00001512
1202,2046.06153906,0.00001012,0.00001511
1203,2047.44249219,0.00001011,0.00001509
1204,2048.50114063,0.00001010,0.00001508
1205,2049.89653906,0.00001009,0.00001507
1206,2051.36961719,0.00001008,0.00001506
1207,2052.89557031,0.00001008,0.00001505
1208,2054.43686719,0.00001007,0.00001504
1209,2055.97908594,0.00001006,0.00001502
1210,2057.42354688,0.00001005,0.00001501
1211,2059.12029688,0.00001004,0.00001500
1212,2060.74941406,0.00001003,0.00001499
1213,2062.05821875,0.00001003,0.00001498
1214,2063.54905469,0.00001002,0.00001496
1215,2064.91429688,0.00001001,0.00001495
1216,2066.73629688,0.00001000,0.00001494
1217,2068.44144531,0.00000999,0.00001493
1218,2069.76253125,0.00000999,0.00001492
1219,2071.60059375,0.00000998,0.00001490
1220,2073.14128125,0.00000997,0.00001489
1221,2074.49328906,0.00000996,0.00001488
1222,2076.10722656,0.00000995,0.00001487
1223,2077.80150000,0.00000995,0.00001485
1224,2079.14025000,0.00000994,0.00001484
1225,2080.85101563,0.00000993,0.00001483
1226,2082.49525781,0.00000992,0.00001482
1227,2083.78043750,0.00000991,0.00001481
1228,2085.41588281,0.00000991,0.00001480
1229,2087.02878906,0.00000990,0.00001479
1230,2088.66453125,0.00000989,0.00001477
1231,2090.38256250,0.00000988,0.00001476
1232,2091.65292188,0.00000987,0.00001475
1233,2093.50647656,0.00000987,0.00001474
1234,2095.41331250,0.00000986,0.00001472
1235,2096.70768750,0.00000985,0.00001471
1236,2098.59967969,0.00000984,0.00001470
1237,2100.45250000,0.00000983,0.00001469
1238,2101.64812500,0.00000983,0.00001468
1239,2103.50060938,0.00000982,0.00001467
1240,2104.71225000,0.00000981,0.00001465
1241,2106.65422656,0.00000980,0.00001464
1242,2108.61453906,0.00000980,0.00001463
1243,2109.86285938,0.00000979,0.00001462
1244,2112.01935156,0.00000978,0.00001460
1245,2113.79644531,0.00000977,0.00001459
1246,2115.04128125,0.00000976,0.00001458
1247,2116.73677344,0.00000976,0.00001457
1248,2118.50778906,0.00000975,0.00001456
1249,2119.80887500,0.00000974,0.00001455
1250,2121.54258594,0.00000973,0.00001453
1251,2123.28453125,0.00000973,0.00001452
1252,2124.54917188,0.00000972,0.00001451
1253,2126.25306250,0.00000971,0.00001450
1254,2128.04293750,0.00000970,0.00001449
1255,2129.33998438,0.00000970,0.00001447
1256,2130.98443750,0.00000969,0.00001446
1257,2132.26257813,0.00000968,0.00001445
1258,2134.01806250,0.00000967,0.00001444
1259,2135.80128906,0.00000967,0.00001443
1260,2137.28885938,0.00000966,0.00001442
1261,2138.95033594,0.00000965,0.00001440
1262,2140.65966406,0.00000964,0.00001439
1263,2142.11146875,0.00000964,0.00001438
1264,2143.82746094,0.00000963,0.00001437
1265,2145.51185938,0.00000962,0.00001436
1266,2147.12946875,0.00000961,0.00001435
1267,2148.89100000,0.00000961,0.00001433
1268,2150.24522656,0.00000960,0.00001432
1269,2152.04057031,0.00000959,0.00001431
1270,2153.77722656,0.00000958,0.00001430
1271,2155.35210156,0.00000958,0.00001429
1272,2157.20675781,0.00000957,0.00001427
1273,2159.01239063,0.00000956,0.00001426
1274,2160.38680469,0.00000955,0.00001425
1275,2162.05703906,0.00000955,0.00001424
1276,2163.74689063,0.00000954,0.00001423
1277,2165.16200781,0.00000953,0.00001422
1278,2167.24952344,0.00000952,0.00001421
1279,2168.97413281,0.00000952,0.00001420
1280,2170.31557813,0.00000951,0.00001418
1281,2172.04387500,0.00000950,0.00001417
1282,2173.39339844,0.00000949,0.00001416
1283,2175.21310938,0.00000949,0.00001415
1284,2177.16482813,0.00000948,0.00001414
1285,2178.66962500,0.00000947,0.00001413
1286,2180.42906250,0.00000947,0.00001412
1287,2182.05820313,0.00000946,0.00001411
1288,2183.40508594,0.00000945,0.00001410
1289,2185.15425000,0.00000944,0.00001408
1290,2187.10946094,0.00000944,0.00001407
1291,2188.54896875,0.00000943,0.00001406
1292,2190.10859375,0.00000942,0.00001405
1293,2191.39000781,0.00000942,0.00001404
1294,2193.00501563,0.00000941,0.00001403
1295,2194.62213281,0.00000940,0.00001402
1296,2196.35692188,0.00000939,0.00001401
1297,2198.13477344,0.00000939,0.00001400
1298,2199.86580469,0.00000938,0.00001399
1299,2201.26096875,0.00000937,0.00001397
1300,2203.02039844,0.00000937,0.00001396
1301,2204.28116406,0.00000936,0.00001396
1302,2206.31471875,0.00000935,0.00001394
1303,2207.93129688,0.00000934,0.00001393
1304,2209.32101563,0.00000934,0.00001392
1305,2211.06317188,0.00000933,0.00001391
1306,2212.76289844,0.00000932,0.00001390
1307,2214.11999219,0.00000932,0.00001389
1308,2215.95233594,0.00000931,0.00001388
1309,2217.63981250,0.00000930,0.00001387
1310,2219.40207813,0.00000929,0.00001385
1311,2221.40728125,0.00000929,0.00001384
1312,2223.35314063,0.00000928,0.00001383
1313,2225.19944531,0.00000927,0.00001382
1314,2227.19571875,0.00000927,0.00001381
1315,2229.25693750,0.00000926,0.00001380
1316,2230.87063281,0.00000925,0.00001379
1317,2232.62937500,0.00000925,0.00001378
1318,2234.16001563,0.00000924,0.00001377
1319,2235.65591406,0.00000923,0.00001376
1320,2237.36514063,0.00000923,0.00001374
1321,2238.68398438,0.00000922,0.00001373
1322,2240.43433594,0.00000921,0.00001372
1323,2242.05728125,0.00000920,0.00001371
1324,2243.35949219,0.00000920,0.00001370
1325,2245.04627344,0.00000919,0.00001369
1326,2246.64651563,0.00000918,0.00001368
1327,2248.54289844,0.00000918,0.00001367
1328,2250.17516406,0.00000917,0.00001366
1329,2252.04082813,0.00000916,0.00001365
1330,2253.24385938,0.00000916,0.00001364
1331,2254.99814844,0.00000915,0.00001363
1332,2256.28132813,0.00000914,0.00001362
1333,2258.19134375,0.00000914,0.00001361
1334,2260.01164063,0.00000913,0.00001360
1335,2261.24790625,0.00000912,0.00001359
1336,2262.93892188,0.00000912,0.00001358
1337,2264.17578906,0.00000911,0.00001357
1338,2265.94970313,0.00000910,0.00001356
1339,2267.67956250,0.00000910,0.00001355
1340,2269.41069531,0.00000909,0.00001354
1341,2271.29600000,0.00000908,0.00001353
1342,2272.98400781,0.00000908,0.00001352
1343,2274.22866406,0.00000907,0.00001351
1344,2275.94112500,0.00000906,0.00001350
1345,2277.65703125,0.00000906,0.00001349
1346,2278.98786719,0.00000905,0.00001348
1347,2280.97330469,0.00000904,0.00001347
1348,2282.52776563,0.00000904,0.00001346
1349,2283.79408594,0.00000903,0.00001345
1350,2285.45639063,0.00000902,0.00001344
1351,2287.12453125,0.00000902,0.00001343
1352,2288.65302344,0.00000901,0.00001342
1353,2290.28653906,0.00000900,0.00001341
1354,2291.53091406,0.00000900,0.00001340
1355,2293.32978125,0.00000899,0.00001339
1356,2295.21134375,0.00000898,0.00001338
1357,2296.53816406,0.00000898,0.00001337
1358,2298.26737500,0.00000897,0.00001336
1359,2299.97860938,0.00000896,0.00001335
1360,2301.32024219,0.00000896,0.00001334
1361,2303.31324219,0.00000895,0.00001333
1362,2305.33086719,0.00000895,0.00001332
1363,2306.67068750,0.00000894,0.00001331
1364,2308.28122656,0.00000893,0.00001330
1365,2309.82550781,0.00000893,0.00001329
1366,2311.15807813,0.00000892,0.00001328
1367,2312.89157813,0.00000891,0.00001327
1368,2314.43185156,0.00000891,0.00001327
1369,2315.94878906,0.00000890,0.00001326
1370,2317.63426563,0.00000889,0.00001325
1371,2318.70692969,0.00000889,0.00001324
1372,2320.33662500,0.00000888,0.00001323
1373,2321.88375781,0.00000888,0.00001322
1374,2322.95431250,0.00000887,0.00001321
1375,2324.78611719,0.00000886,0.00001320
1376,2326.96367188,0.00000886,0.00001319
1377,2328.33103906,0.00000885,0.00001318
1378,2329.90423438,0.00000884,0.00001317
1379,2331.07912500,0.00000884,0.00001316
1380,2332.61172656,0.00000883,0.00001315
1381,2334.12704688,0.00000882,0.00001315
1382,2335.34195313,0.00000882,0.00001314
1383,2336.89120313,0.00000881,0.00001313
1384,2338.33912500,0.00000881,0.00001312
1385,2339.43207813,0.00000880,0.00001311
1386,2340.82397656,0.00000879,0.00001310
1387,2342.26322656,0.00000879,0.00001309
1388,2343.48356250,0.00000878,0.00001308
1389,2344.89707031,0.00000877,0.00001308
1390,2346.30011719,0.00000877,0.00001307
1391,2347.41667969,0.00000876,0.00001306
1392,2348.72782813,0.00000876,0.00001305
1393,2349.83363281,0.00000875,0.00001304
1394,2351.30431250,0.00000874,0.00001303
1395,2352.99720313,0.00000874,0.00001302
1396,2354.80264844,0.00000873,0.00001301
1397,2356.99014063,0.00000873,0.00001300
1398,2358.98827344,0.00000872,0.00001299
1399,2361.04738281,0.00000871,0.00001298
1400,2363.30012500,0.00000871,0.00001297
1401,2365.58400000,0.00000870,0.00001296
1402,2367.17793750,0.00000869,0.00001295
1403,2368.90748438,0.00000869,0.00001294
1404,2370.41717188,0.00000868,0.00001293
1405,2372.24017969,0.00000868,0.00001292
1406,2374.22482031,0.00000867,0.00001291
1407,2375.52490625,0.00000866,0.00001290
1408,2377.46856250,0.00000866,0.00001289
1409,2379.18021094,0.00000865,0.00001288
1410,2380.43478906,0.00000865,0.00001287
1411,2382.16431250,0.00000864,0.00001286
1412,2383.94529688,0.00000863,0.00001285
1413,2385.30384375,0.00000863,0.00001285
1414,2386.97098438,0.00000862,0.00001284
1415,2388.72703906,0.00000862,0.00001283
1416,2390.18295313,0.00000861,0.00001282
1417,2391.86772656,0.00000860,0.00001281
1418,2393.32781250,0.00000860,0.00001280
1419,2395.19510156,0.00000859,0.00001279
1420,2397.01485938,0.00000859,0.00001278
1421,2398.25347656,0.00000858,0.00001278
1422,2400.03764063,0.00000857,0.00001277
1423,2401.84241406,0.00000857,0.00001276
1424,2403.31260938,0.00000856,0.00001275
1425,2405.12395313,0.00000856,0.00001274
1426,2406.98571875,0.00000855,0.00001273
1427,2408.43807813,0.00000854,0.00001272
1428,2409.99100000,0.00000854,0.00001271
1429,2411.47922656,0.00000853,0.00001270
1430,2413.22103125,0.00000853,0.00001269
1431,2414.87186719,0.00000852,0.00001269
1432,2416.42893750,0.00000851,0.00001268
1433,2418.17072656,0.00000851,0.00001267
1434,2419.76476563,0.00000850,0.00001266
1435,2421.06658594,0.00000850,0.00001265
1436,2422.95192969,0.00000849,0.00001264
1437,2424.75989844,0.00000849,0.00001263
1438,2426.15150000,0.00000848,0.00001262
1439,2427.84798438,0.00000847,0.00001262
1440,2429.56230469,0.00000847,0.00001261
1441,2431.01939063,0.00000846,0.00001260
1442,2432.83867188,0.00000846,0.00001259
1443,2434.22467188,0.00000845,0.00001258
1444,2435.92954688,0.00000844,0.00001257
1445,2437.67707031,0.00000844,0.00001256
1446,2438.99449219,0.00000843,0.00001255
1447,2440.74112500,0.00000843,0.00001255
1448,2442.50891406,0.00000842,0.00001254
1449,2443.97711719,0.00000842,0.00001253
1450,2445.76624219,0.00000841,0.00001252
1451,2447.43013281,0.00000840,0.00001251
1452,2448.88577344,0.00000840,0.00001250
1453,2450.59199219,0.00000839,0.00001249
1454,2451.99307031,0.00000839,0.00001249
1455,2453.89106250,0.00000838,0.00001248
1456,2455.59904688,0.00000838,0.00001247
1457,2456.95524219,0.00000837,0.00001246
1458,2458.70789063,0.00000836,0.00001245
1459,2460.28489844,0.00000836,0.00001244
1460,2461.69574219,0.00000835,0.00001243
1461,2463.75261719,0.00000835,0.00001242
1462,2465.58885938,0.00000834,0.00001241
1463,2467.04328906,0.00000834,0.00001241
1464,2468.64476563,0.00000833,0.00001240
1465,2470.29071094,0.00000833,0.00001239
1466,2471.88575000,0.00000832,0.00001238
1467,2473.62136719,0.00000831,0.00001237
1468,2474.95632813,0.00000831,0.00001236
1469,2476.61499219,0.00000830,0.00001235
1470,2478.28489063,0.00000830,0.00001235
1471,2479.47036719,0.00000829,0.00001234
1472,2480.99857031,0.00000829,0.00001233
1473,2482.65883594,0.00000828,0.00001232
1474,2483.99600781,0.00000828,0.00001231
1475,2485.62023438,0.00000827,0.00001231
1476,2487.22944531,0.00000826,0.00001230
1477,2488.49837500,0.00000826,0.00001229
1478,2489.90095313,0.00000825,0.00001229
1479,2491.64901563,0.00000825,0.00001228
1480,2492.99224219,0.00000824,0.00001227
1481,2494.64671094,0.00000824,0.00001226
1482,2495.81440625,0.00000823,0.00001225
1483,2497.39810156,0.00000823,0.00001225
1484,2499.10783594,0.00000822,0.00001224
1485,2500.40493750,0.00000821,0.00001223
1486,2502.06401563,0.00000821,0.00001222
1487,2503.76202344,0.00000820,0.00001221
1488,2505.00479688,0.00000820,0.00001220
1489,2506.55610156,0.00000819,0.00001220
1490,2507.79493750,0.00000819,0.00001219
1491,2509.46484375,0.00000818,0.00001218
1492,2511.05872656,0.00000818,0.00001217
1493,2512.28575000,0.00000817,0.00001217
1494,2514.06944531,0.00000817,0.00001216
1495,2515.60585938,0.00000816,0.00001215
